# SPR-4UPS calibrated kinematic parameters (c13 dimensionless EMM, J3)
# Units: mm (length), deg (angle)
# Columns: param_name, value[, value...]
# zero_pose: platform pose at q=0 from calibrated parameters, [x,y,z] mm, [phi,theta] deg
B_1,-0.201539991316,547.581318210453,0.044479937844
B_2,-475.558353321061,-272.216177227823,0.210219588660
B_3,475.857739582947,-271.545124841645,-0.574320093796
B_4,430.767504809304,251.827858555090,-2.179112874918
B_5,-430.853589832185,250.242807227513,-2.414372413238
l0_1,879.539871235270
l0_2,887.572813175014
l0_3,887.990866538496
l0_4,790.133326308741
l0_5,783.098561590135
Pm_1,0.000000000088,148.500000000000,8.113158883208
Pm_2,-143.188563425206,-38.343237205746,7.659426079663
Pm_3,143.265066336083,-38.139281154483,7.132554522823
Pm_4,45.267627399854,44.153071919180,135.746044837503
Pm_5,-44.254657160392,44.121658012209,135.656014653843
d,5.117483045293
tool_c,-303.460211532503,-151.598874767890,-262.708384889625
zero_pose,-6.958508974664,10.121737348793,-794.380936186091,126.514845229784,1.268279328718
